,0
0,https://www.masterofmalt.com/whiskies/lagavulin/lagavulin-16-year-old-whisky/
1,https://www.masterofmalt.com/whiskies/glenfarclas/glenfarclas-15-year-old-whisky/
2,https://www.masterofmalt.com/whiskies/glenmorangie-18-year-old-extremely-rare-whisky/
3,https://www.masterofmalt.com/whiskies/ardbeg/ardbeg-uigeadail-whisky/
4,https://www.masterofmalt.com/whiskies/highland-park/highland-park-12-year-old-viking-honour-whisky/
5,https://www.masterofmalt.com/whiskies/balvenie/balvenie-14-year-old-caribbean-cask-whisky/
6,https://www.masterofmalt.com/whiskies/glenmorangie-signet-whisky/
7,https://www.masterofmalt.com/whiskies/ardbeg/ardbeg-10-year-old-warehouse-pack-whisky/
8,https://www.masterofmalt.com/whiskies/the-macallan/macallan-rare-cask-whisky/
9,https://www.masterofmalt.com/whiskies/glenmorangie-nectar-dor-12-year-old-whisky/
10,https://www.masterofmalt.com/whiskies/ardbeg/ardbeg-corryvreckan-whisky/
11,https://www.masterofmalt.com/whiskies/talisker/talisker-10-year-old-whisky/
12,https://www.masterofmalt.com/whiskies/mortlach/mortlach-12-year-old-whisky/
13,https://www.masterofmalt.com/whiskies/springbank/springbank-10-year-old-whisky/
14,https://www.masterofmalt.com/whiskies/aberlour/aberlour-casg-annamh-whisky/
15,https://www.masterofmalt.com/whiskies/balvenie/balvenie-12-year-old-the-sweet-toast-of-american-oak-whisky/
16,https://www.masterofmalt.com/whiskies/glendronach/the-glendronach-15-year-old-revival-whisky/
17,https://www.masterofmalt.com/whiskies/balvenie/balvenie-21-year-old-port-wood-finish-whisky/
18,https://www.masterofmalt.com/whiskies/the-macallan/the-macallan-12-year-old-double-cask-whisky/
19,https://www.masterofmalt.com/whiskies/mortlach/mortlach-16-year-old-whisky/
20,https://www.masterofmalt.com/whiskies/glengoyne-21-year-old-whisky/
21,https://www.masterofmalt.com/whiskies/glendronach/the-glendronach-21-year-old-parliament-whisky/
22,https://www.masterofmalt.com/whiskies/glenfiddich/glenfiddich-experimental-series-project-xx-whisky/
23,https://www.masterofmalt.com/whiskies/talisker/talisker-18-year-old-whisky/
24,https://www.masterofmalt.com/whiskies/macallan/the-macallan-12-year-old-triple-cask-whisky/
25,https://www.masterofmalt.com/whiskies/ardbeg/ardbeg-an-oa-whisky/
26,https://www.masterofmalt.com/whiskies/dalmore-15-year-old-whisky/
27,https://www.masterofmalt.com/whiskies/balvenie/balvenie-14-year-old-the-week-of-peat-whisky/
28,https://www.masterofmalt.com/whiskies/oban-14-year-old-whisky/
29,https://www.masterofmalt.com/whiskies/kilchoman/kilchoman-machir-bay-whisky/
30,https://www.masterofmalt.com/whiskies/glenfarclas-25-year-old-whisky/
31,https://www.masterofmalt.com/whiskies/glengyle/kilkerran-12-year-old-whisky/
32,https://www.masterofmalt.com/whiskies/dalwhinnie-15-year-old-whisky/
33,https://www.masterofmalt.com/whiskies/the-macallan-12-year-old-sherry-oak-whisky/
34,https://www.masterofmalt.com/whiskies/laphroaig-10-year-old-whisky/
35,https://www.masterofmalt.com/whiskies/balvenie/balvenie-doublewood-12-year-old-whisky/
36,https://www.masterofmalt.com/whiskies/the-macallan/the-macallan-18-year-old-triple-cask-whisky/
37,https://www.masterofmalt.com/whiskies/glenfiddich/glenfiddich-experimental-series-fire-and-cane-whisky/
38,https://www.masterofmalt.com/whiskies/dalmore/dalmore-12-year-old-whisky/
39,https://www.masterofmalt.com/whiskies/glendronach/the-glendronach-12-year-old-whisky/
40,https://www.masterofmalt.com/whiskies/glengoyne/glengoyne-the-legacy-series-whisky/
41,https://www.masterofmalt.com/whiskies/bruichladdich/port-charlotte-10-year-old-whisky/
42,https://www.masterofmalt.com/whiskies/tamdhu/tamdhu-10-year-old-whisky/
43,https://www.masterofmalt.com/whiskies/caol-ila-12-year-old-whisky/
44,https://www.masterofmalt.com/whiskies/glenfarclas-105-whisky/
45,https://www.masterofmalt.com/whiskies/ben-nevis/ben-nevis-19-year-old-ancient-mariner-whisky/
46,https://www.masterofmalt.com/whiskies/ben-nevis/ben-nevis-10-year-old-whisky/
47,https://www.masterofmalt.com/whiskies/ancnoc-12-year-old-whisky/
48,https://www.masterofmalt.com/whiskies/bunnahabhain-12-year-old-whisky/
49,https://www.masterofmalt.com/whiskies/glenfiddich/glenfiddich-experimental-series-winter-storm-whisky/
50,https://www.masterofmalt.com/whiskies/kilchoman/kilchoman-machir-bay-gift-pack-with-2x-glasses-whisky/
51,https://www.masterofmalt.com/whiskies/talisker/talisker-2007-bottled-2017-amoroso-cask-finish-distillers-edition-whisky/
52,https://www.masterofmalt.com/whiskies/tobermory/tobermory-12-year-old-whisky/
53,https://www.masterofmalt.com/whiskies/glenfiddich/glenfiddich-21-year-old-reserva-rum-cask-whisky/
54,https://www.masterofmalt.com/whiskies/the-macallan/macallan-1938-bottled-1980s-gordon-and-macphail-whisky/
55,https://www.masterofmalt.com/whiskies/tobermory/ledaig-18-year-old-whisky/
56,https://www.masterofmalt.com/whiskies/smokehead/smokehead-whisky/
57,https://www.masterofmalt.com/whiskies/edradour-10-year-old-with-2-glasses-whisky/
58,https://www.masterofmalt.com/whiskies/laphroaig/laphroaig-lore-whisky/
59,https://www.masterofmalt.com/whiskies/glengoyne/glengoyne-12-year-old-whisky/
60,https://www.masterofmalt.com/whiskies/glenkinchie/glenkinchie-12-year-old-whisky/
61,https://www.masterofmalt.com/whiskies/clynelish-14-year-old-whisky/
62,https://www.masterofmalt.com/whiskies/strathisla/strathisla-12-year-old-whisky/
63,https://www.masterofmalt.com/whiskies/glenmorangie/glenmorangie-allta-private-edition-whisky/
64,https://www.masterofmalt.com/whiskies/knockdhu/ancnoc-24-year-old-whisky/
65,https://www.masterofmalt.com/whiskies/the-macallan/the-macallan-gold-double-cask-whisky/
66,https://www.masterofmalt.com/whiskies/springbank/springbank-25-year-old-1993-single-cask-master-of-malt-whisky/
67,https://www.masterofmalt.com/whiskies/dailuaine-16-year-old-whisky/
68,https://www.masterofmalt.com/whiskies/glen-scotia/glen-scotia-double-cask-whisky/
69,https://www.masterofmalt.com/whiskies/benriach/benriach-10-year-old-whisky/
70,https://www.masterofmalt.com/whiskies/the-macallan/the-macallan-enigma-whisky/
71,https://www.masterofmalt.com/whiskies/glengoyne/glengoyne-25-year-old-whisky/
72,https://www.masterofmalt.com/whiskies/scotch-whisky/single-malt-whisky/the-ileach/cask-strength-whisky/
73,https://www.masterofmalt.com/whiskies/longrow-18-year-old-whisky/
74,https://www.masterofmalt.com/whiskies/glenmorangie/glenmorangie-10-year-old-the-original-whisky/
75,https://www.masterofmalt.com/whiskies/bruichladdich/bruichladdich-scottish-barley-the-classic-laddie-whisky/
76,https://www.masterofmalt.com/whiskies/springbank/hazelburn-10-year-old-whisky/
77,https://www.masterofmalt.com/whiskies/dalmore-king-alexander-iii-whisky/
78,https://www.masterofmalt.com/whiskies/caol-ila-18-year-old-whisky/
79,https://www.masterofmalt.com/whiskies/balvenie/balvenie-17-year-old-doublewood-whisky/
80,https://www.masterofmalt.com/whiskies/springbank/longrow-peated-whisky/
81,https://www.masterofmalt.com/whiskies/clynelish/clynelish-23-year-old-1995-cask-11236-cask-strength-collection-signatory-whisky/
82,https://www.masterofmalt.com/whiskies/tomintoul/tomintoul-tlath-whisky/
83,https://www.masterofmalt.com/whiskies/glenfarclas/glenfarclas-family-cask-trunk-whisky/
84,https://www.masterofmalt.com/whiskies/laphroaig-10-year-old-35cl-whisky/
85,https://www.masterofmalt.com/whiskies/laphroaig/laphroaig-the-1815-legacy-edition-whisky/
86,https://www.masterofmalt.com/whiskies/kilchoman/kilchoman-sanaig-whisky/
87,https://www.masterofmalt.com/whiskies/pulteney/old-pulteney-12-year-old-whisky/
88,https://www.masterofmalt.com/whiskies/glenmorangie/glenmorangie-grand-vintage-malt-1991-bottled-2018-bond-house-no1-whisky/
89,https://www.masterofmalt.com/whiskies/glenfiddich-18-year-old-whisky/
90,https://www.masterofmalt.com/whiskies/balvenie/balvenie-12-year-old-single-barrel-first-fill-whisky/
91,https://www.masterofmalt.com/whiskies/glenfiddich/glenfiddich-experimental-series-ipa-cask-finish-whisky/
92,https://www.masterofmalt.com/whiskies/ledaig-10-year-old-whisky/
93,https://www.masterofmalt.com/whiskies/aultmore/aultmore-12-year-old-whisky/
94,https://www.masterofmalt.com/whiskies/tamdhu/tamdhu-15-year-old-whisky/
95,https://www.masterofmalt.com/whiskies/aberfeldy-12-year-old-whisky/
96,https://www.masterofmalt.com/whiskies/smokehead/smokehead-sherry-bomb-whisky/
97,https://www.masterofmalt.com/whiskies/loch-lomond/loch-lomond-12-year-old-whisky/
98,https://www.masterofmalt.com/whiskies/the-speyside/spey-18-year-old-whisky/
99,https://www.masterofmalt.com/whiskies/glenfiddich/glenfiddich-30-year-old-whisky/
100,https://www.masterofmalt.com/whiskies/aberlour/aberlour-12-year-old-double-cask-matured-whisky/
101,https://www.masterofmalt.com/whiskies/the-ileach-peaty-whisky/
102,https://www.masterofmalt.com/whiskies/blair-athol-12-year-old-whisky/
103,https://www.masterofmalt.com/whiskies/glenfiddich/glenfiddich-19-year-old-age-of-discovery-maderia-cask-finish/
104,https://www.masterofmalt.com/whiskies/bruichladdich/octomore-09-1-5-year-old-whisky/
105,https://www.masterofmalt.com/whiskies/dalmore-18-year-old-whisky/
106,https://www.masterofmalt.com/whiskies/ailsa-bay/ailsa-bay-release-12-sweet-smoke-whisky/
107,https://www.masterofmalt.com/whiskies/the-macallan-oscuro-whisky/
108,https://www.masterofmalt.com/whiskies/port-askaig/port-askaig-100-proof-whisky/
109,https://www.masterofmalt.com/whiskies/the-glenlivet-15-year-old-french-oak-reserve-whisky/
110,https://www.masterofmalt.com/whiskies/glenrothes/the-glenrothes-1976-cask-2677-bottled-2015-whisky/
111,https://www.masterofmalt.com/whiskies/tomintoul/tomintoul-16-year-old-whisky/
112,https://www.masterofmalt.com/whiskies/laphroaig-triple-wood/
113,https://www.masterofmalt.com/whiskies/kingsbarns/kingsbarns-dream-to-dram-whisky/
114,https://www.masterofmalt.com/whiskies/dalmore-cigar-malt-whisky/
115,https://www.masterofmalt.com/whiskies/glendronach/the-glendronach-18-year-old-allardice-whisky/
116,https://www.masterofmalt.com/whiskies/glenallachie/glenallachie-12-year-old-whisky/
117,https://www.masterofmalt.com/whiskies/arran/arran-amarone-cask-finish-whisky/
118,https://www.masterofmalt.com/whiskies/glenrothes/glenrothes-1969-bottled-2019-cask-16203-the-last-drop-whisky/
119,https://www.masterofmalt.com/whiskies/royal-lochnagar-12-year-old-whisky/
120,https://www.masterofmalt.com/whiskies/the-macallan/the-macallan-lumina-whisky/
121,https://www.masterofmalt.com/whiskies/arran/arran-10-year-old-whisky/
122,https://www.masterofmalt.com/whiskies/fox-fitzgerald/peats-beast-25-year-old-whisky/
123,https://www.masterofmalt.com/whiskies/glenfarclas-10-year-old-whisky/
124,https://www.masterofmalt.com/whiskies/auchentoshan-12-year-old-whisky/
125,https://www.masterofmalt.com/whiskies/ardbeg/ardbeg-10-year-old-whisky/
126,https://www.masterofmalt.com/whiskies/glengoyne-10-year-old-whisky/
127,https://www.masterofmalt.com/whiskies/glenfiddich/glenfiddich-15-year-old-solera-whisky/
128,https://www.masterofmalt.com/whiskies/the-macallan/the-macallan-15-year-old-triple-cask-whisky/
129,https://www.masterofmalt.com/whiskies/highland-park/highland-park-fire-edition-15-year-old/
130,https://www.masterofmalt.com/whiskies/glengoyne/glengoyne-cask-strength-whisky/
131,https://www.masterofmalt.com/whiskies/the-glenlivet/the-glenlivet-xxv-25-year-old-whisky/
132,https://www.masterofmalt.com/whiskies/isle-of-jura/jura-destiny-whisky/
133,https://www.masterofmalt.com/whiskies/caol-ila/caol-ila-2006-bottled-2017-moscatel-cask-finish-distillers-edition-whisky/
134,https://www.masterofmalt.com/whiskies/highland-park/highland-park-valknut-whisky/
135,https://www.masterofmalt.com/whiskies/lagavulin/lagavulin-8-year-old-whisky/
136,https://www.masterofmalt.com/whiskies/laphroaig-quarter-cask-whisky/
137,https://www.masterofmalt.com/whiskies/glenfiddich-12-year-old-whisky/
138,https://www.masterofmalt.com/whiskies/auchentoshan/auchentoshan-american-oak-gift-pack-with-2x-cups-whisky/
139,https://www.masterofmalt.com/whiskies/deanston/deanston-18-year-old-whisky/
140,https://www.masterofmalt.com/whiskies/benriach/benriach-12-year-old-sherry-wood-whisky/
141,https://www.masterofmalt.com/whiskies/islay-storm/
142,https://www.masterofmalt.com/whiskies/bowmore/bowmore-15-year-old-whisky/
143,https://www.masterofmalt.com/whiskies/bunnahabhain/bunnahabhain-toiteach-a-dha-whisky/
144,https://www.masterofmalt.com/whiskies/arran/arran-cote-rotie-cask-finish-whisky/
145,https://www.masterofmalt.com/whiskies/balvenie/balvenie-16-year-old-triple-cask-whisky/
146,https://www.masterofmalt.com/whiskies/longmorn-16-year-old-whisky/
147,https://www.masterofmalt.com/whiskies/glen-moray/glen-moray-15-year-old-elgin-heritage-whisky/
148,https://www.masterofmalt.com/whiskies/mortlach/mortlach-20-year-old-whisky/
149,https://www.masterofmalt.com/whiskies/pulteney/old-pulteney-15-year-old/
150,https://www.masterofmalt.com/whiskies/glen-garioch/glen-garioch-12-year-old-whisky/
151,https://www.masterofmalt.com/whiskies/glen-grant/glen-grant-18-year-old-rare-edition-whisky/
152,https://www.masterofmalt.com/whiskies/glenmorangie/glenmorangie-grand-vintage-malt-1989-bottled-2017-bond-house-no1-collection-whisky/
153,https://www.masterofmalt.com/whiskies/glen-grant-10-year-old-whisky/
154,https://www.masterofmalt.com/whiskies/jura/jura-12-year-old-that-boutiquey-whisky-company-whisky/
155,https://www.masterofmalt.com/whiskies/glenglassaugh/glenglassaugh-octaves-classic-whisky/
156,https://www.masterofmalt.com/whiskies/bunnahabhain/bunnahabhain-27-year-old-1989-cask-7719-revival-the-higginbottom-whisky/
157,https://www.masterofmalt.com/whiskies/benromach/benromach-15-year-old-whisky/
158,https://www.masterofmalt.com/whiskies/tamdhu/tamdhu-batch-strength-whisky/
159,https://www.masterofmalt.com/whiskies/the-macallan/the-macallan-quest-whisky/
160,https://www.masterofmalt.com/whiskies/cardhu/cardhu-gold-reserve-whisky/
161,https://www.masterofmalt.com/whiskies/auchentoshan-3-wood-whisky/
162,https://www.masterofmalt.com/whiskies/benrinnes-15-year-old-whisky/
163,https://www.masterofmalt.com/whiskies/aberlour/aberlour-abunadh-batch-62-whisky/
164,https://www.masterofmalt.com/whiskies/glenmorangie/glenmorangie-lasanta-12-year-old-whisky/
165,https://www.masterofmalt.com/whiskies/bowmore/bowmore-25-year-old-whisky/
166,https://www.masterofmalt.com/whiskies/bladnoch/bladnoch-10-year-old-bourbon-cask-whisky/
167,https://www.masterofmalt.com/whiskies/glenrothes/glenrothes-18-year-old-soleo-collection-whisky/
168,https://www.masterofmalt.com/whiskies/bowmore-12-year-old-whisky/
169,https://www.masterofmalt.com/whiskies/benriach/benriach-birnie-moss-intensely-peated-whisky/
170,https://www.masterofmalt.com/whiskies/glenrothes/the-glenrothes-select-reserve-40-whisky/
171,https://www.masterofmalt.com/whiskies/glenglassaugh-revival-single-malt-whisky/
172,https://www.masterofmalt.com/whiskies/dalmore/dalmore-port-wood-reserve-whisky/
173,https://www.masterofmalt.com/whiskies/tomintoul-10-year-old-whisky/
174,https://www.masterofmalt.com/whiskies/highland-park/highland-park-voyage-of-the-raven-whisky/
175,https://www.masterofmalt.com/whiskies/craigellachie/craigellachie-13-year-old-whisky/
176,https://www.masterofmalt.com/whiskies/glenfarclas-12-year-old-whisky/
177,https://www.masterofmalt.com/whiskies/bunnahabhain/bunnahabhain-stiuireadair-whisky/
178,https://www.masterofmalt.com/whiskies/glenrothes/glenrothes-21-year-old-1997-cask-6369-ibisco-decanter-whisky/
179,https://www.masterofmalt.com/whiskies/bowmore/bowmore-no-1-whisky/
180,https://www.masterofmalt.com/whiskies/auchentoshan-21-year-old-whisky/
181,https://www.masterofmalt.com/whiskies/macallan/macallan-30-year-old-1988-single-cask-master-of-malt-whisky/
182,https://www.masterofmalt.com/whiskies/cragganmore-12-year-old-whisky/
183,https://www.masterofmalt.com/whiskies/laphroaig/laphroaig-px-cask-triple-matured-whisky/
184,https://www.masterofmalt.com/whiskies/ben-nevis/ben-nevis-9-year-old-2010-cask-129-un-chillfiltered-collection-signatory-whisky/
185,https://www.masterofmalt.com/whiskies/the-macallan/the-macallan-terra-whisky/
186,https://www.masterofmalt.com/whiskies/benromach-10-year-old-whisky/
187,https://www.masterofmalt.com/whiskies/aberlour/aberlour-triple-cask-whisky/
188,https://www.masterofmalt.com/whiskies/macduff/the-deveron-12-year-old-whisky/
189,https://www.masterofmalt.com/whiskies/fettercairn/fettercairn-12-year-old-whisky/
190,https://www.masterofmalt.com/whiskies/tomatin/tomatin-cask-strength-57-point-5-percent-whisky/
191,https://www.masterofmalt.com/whiskies/tomatin/tomatin-12-year-old-whisky/
192,https://www.masterofmalt.com/whiskies/speyburn-10-year-old-whisky/
193,https://www.masterofmalt.com/whiskies/the-glasgow-distillery-co/1770-whisky-2019-release-whisky/
194,https://www.masterofmalt.com/whiskies/bruichladdich/bruichladdich-bere-barley-2008-whisky/
195,https://www.masterofmalt.com/whiskies/lagavulin/lagavulin-16-year-old-feis-ile-2017-whisky/
196,https://www.masterofmalt.com/whiskies/clynelish/clynelish-24-year-old-batch-4-that-boutiquey-whisky-company-whisky/
197,https://www.masterofmalt.com/whiskies/glenglassaugh/glenglassaugh-40-year-old-whisky/
198,https://www.masterofmalt.com/whiskies/glenmorangie/glenmorangie-the-tarlogan-whisky/
199,https://www.masterofmalt.com/whiskies/craigellachie/craigellachie-17-year-old-whisky/
200,https://www.masterofmalt.com/whiskies/caol-ila/caol-ila-6-year-old-that-boutiquey-whisky-company/
201,https://www.masterofmalt.com/whiskies/loch-lomond/inchmurrin-madeira-wood-finish-whisky/
202,https://www.masterofmalt.com/whiskies/glenrothes/glenrothes-25-year-old-soleo-collection-whisky/
203,https://www.masterofmalt.com/whiskies/highland-park-18-year-old-whisky/
204,https://www.masterofmalt.com/whiskies/bowmore/bowmore-vault-edition-atlantic-sea-salt-whisky/
205,https://www.masterofmalt.com/whiskies/knockando/knockando-15-year-old-1999-whisky/
206,https://www.masterofmalt.com/whiskies/arran/arran-machrie-moor-whisky/
207,https://www.masterofmalt.com/whiskies/isle-of-jura/isle-of-jura-the-road-whisky/
208,https://www.masterofmalt.com/whiskies/the-glenlivet/glenlivet-11-year-old-2007-cask-900242-un-chillfiltered-collection-signatory-whisky/
209,https://www.masterofmalt.com/whiskies/dailuaine/dailuaine-20-year-old-1998-casks-11370-and-11371-cask-strength-collection-signatory-whisky/
210,https://www.masterofmalt.com/whiskies/glengoyne/glengoyne-18-year-old-whisky/
211,https://www.masterofmalt.com/whiskies/glenrothes/glenrothes-whisky-makers-cut-soleo-collection-whisky/
212,https://www.masterofmalt.com/whiskies/cameronbridge/cameronbridge-air-27-year-old-1991-old-particular-elements-collection-douglas-laing-whisky/
213,https://www.masterofmalt.com/whiskies/the-glenlivet-18-year-old-whisky/
214,https://www.masterofmalt.com/whiskies/tullibardine/tullibardine-25-year-old-whisky/
215,https://www.masterofmalt.com/whiskies/tomatin/tomatin-14-year-old-port-wood-finish-whisky/
216,https://www.masterofmalt.com/whiskies/ardbeg/ardbeg-exploration-pack-whisky/
217,https://www.masterofmalt.com/whiskies/bunnahabhain/bunnahabhain-an-cladach-whisky/
218,https://www.masterofmalt.com/whiskies/highland-park/highland-park-full-volume-whisky/
219,https://www.masterofmalt.com/whiskies/loch-lomond/loch-lomond-original-whisky/
220,https://www.masterofmalt.com/whiskies/dalmore/dalmore-luceo-whisky/
221,https://www.masterofmalt.com/whiskies/ben-nevis/ben-nevis-21-year-old-that-boutiquey-whisky-company-whisky/
222,https://www.masterofmalt.com/whiskies/tomintoul/tomintoul-15-year-old-portwood-finish-whisky/
223,https://www.masterofmalt.com/whiskies/wolfburn/wolfburn-lest-we-forget-whisky/
224,https://www.masterofmalt.com/whiskies/the-macallan/the-macallan-18-year-old-1978-whisky/
225,https://www.masterofmalt.com/whiskies/bunnahabhain/bunnahabhain-27-year-old-1989-cask-7714-revival-the-higginbottom-whisky/
226,https://www.masterofmalt.com/whiskies/glencadam-10-year-old-whisky/
227,https://www.masterofmalt.com/whiskies/fettercairn/fettercairn-that-boutiquey-whisky-company-whisky/
228,https://www.masterofmalt.com/whiskies/douglas-laing/speysides-finest-50-year-old-1967-cask-12786-xtra-old-particular-douglas-laing-whisky/
229,https://www.masterofmalt.com/whiskies/cardhu/cardhu-15-year-old-whisky/
230,https://www.masterofmalt.com/whiskies/north-star-spirits/the-highland-star-11-year-old-millennial-range-north-star-spirits-whisky/
231,https://www.masterofmalt.com/whiskies/talisker/talisker-port-ruighe-whisky/
232,https://www.masterofmalt.com/whiskies/glencadam-15-year-old-new-whisky/
233,https://www.masterofmalt.com/whiskies/the-macallan/macallan-48-year-old-1969-the-rarest-of-the-rare-collection-duncan-taylor-whisky/
234,https://www.masterofmalt.com/whiskies/aberfeldy/aberfeldy-21-year-old-special-edition-whisky/
235,https://www.masterofmalt.com/whiskies/caol-ila-moch-single-malt-whisky/
236,https://www.masterofmalt.com/whiskies/tullibardine/tullibardine-11-year-old-2007-casks-800109-and-800110-un-chillfiltered-collection-signatory-whisky/
237,https://www.masterofmalt.com/whiskies/highland-park/highland-park-einar-1l-whisky/
238,https://www.masterofmalt.com/whiskies/fettercairn/fettercairn-30-year-old-1988-casks-2035-and-2041-cask-strength-collection-signatory-whisky/
239,https://www.masterofmalt.com/whiskies/tullibardine/tullibardine-29-year-old-1989-old-and-rare-platinum-hunter-laing-whisky/
240,https://www.masterofmalt.com/whiskies/laphroaig-/laphroaig-select-whisky/
241,https://www.masterofmalt.com/whiskies/isle-of-jura/jura-21-year-old-tide-whisky/
242,https://www.masterofmalt.com/whiskies/inchgower-14-year-old-whisky/
243,https://www.masterofmalt.com/whiskies/glen-scotia/glen-scotia-15-year-old-whisky/
244,https://www.masterofmalt.com/whiskies/glengoyne/glengoyne-30-year-old-whisky/
245,https://www.masterofmalt.com/whiskies/arran/robert-burns-robert-burns-single-malt-whisky/
246,https://www.masterofmalt.com/whiskies/auchentoshan/auchentoshan-american-oak-whisky/
247,https://www.masterofmalt.com/whiskies/r-and-b/raasay-while-we-wait-2018-release-whisky/
248,https://www.masterofmalt.com/whiskies/bunnahabhain/bunnahabhain-eirigh-na-greine-whisky/
249,https://www.masterofmalt.com/whiskies/aberfeldy-21-year-old-whisky/
250,https://www.masterofmalt.com/whiskies/benromach/benromach-sassicaia-wood-finish-whisky/
251,https://www.masterofmalt.com/whiskies/tomatin/tomatin-cu-bocan-2006-vintage-limited-edition-with-glass-whisky/
252,https://www.masterofmalt.com/whiskies/that-boutiquey-whisky-company/irish-single-malt-1-13-year-old-that-boutiquey-whisky-company-whiskey/
253,https://www.masterofmalt.com/whiskies/kilchoman/kilchoman-str-cask-matured-whisky/
254,https://www.masterofmalt.com/whiskies/kilkerran/kilkerran-8-year-old-cask-strength-56-5-whisky/
255,https://www.masterofmalt.com/whiskies/bruichladdich/pl6-elements-of-islay-port-charlotte-whisky/
256,https://www.masterofmalt.com/whiskies/oban/oban-little-bay-whisky/
257,https://www.masterofmalt.com/whiskies/bunnahabhain/bunnahabhain-37-year-old-that-boutiquey-whisky-company-whisky/
258,https://www.masterofmalt.com/whiskies/the-macallan/the-macallan-no-6-in-lalique-decanter-whisky/
259,https://www.masterofmalt.com/whiskies/the-macallan/the-macallan-reflexion-whisky/
260,https://www.masterofmalt.com/whiskies/bowmore-18-year-old-whisky/
261,https://www.masterofmalt.com/whiskies/deanston-12-year-old-whisky/
262,https://www.masterofmalt.com/whiskies/benriach/benriach-10-year-old-curiositas-whisky/
263,https://www.masterofmalt.com/whiskies/cardhu/cardhu-18-year-old-whisky/
264,https://www.masterofmalt.com/whiskies/bunnahabhain/bunnahabhain-cruach-mhona-whisky/
265,https://www.masterofmalt.com/whiskies/loch-lomond/inchmurrin-20-year-old-1998-single-cask-master-of-malt-whisky/
266,https://www.masterofmalt.com/whiskies/arran/arran-sauternes-cask-finish-whisky/
267,https://www.masterofmalt.com/whiskies/pulteney/old-pulteney-navigator-whisky/
268,https://www.masterofmalt.com/whiskies/tomintoul-14-year-old-whisky/
269,https://www.masterofmalt.com/whiskies/isle-of-jura/isle-of-jura-12-year-old-whisky/
270,https://www.masterofmalt.com/whiskies/highland-park/highland-park-21-year-old-1996-cask-12546-xtra-old-particular-douglas-laing-whisky/
271,https://www.masterofmalt.com/whiskies/benromach/benromach-cask-strength-whisky/
272,https://www.masterofmalt.com/whiskies/jura/isle-of-jura-18-year-old-whisky/
273,https://www.masterofmalt.com/whiskies/deanston/any-distillery-bottling/
274,https://www.masterofmalt.com/whiskies/royal-brackla/royal-brackla-16-year-old-whisky/
275,https://www.masterofmalt.com/whiskies/bunnahabhain/bunnahabhain-37-year-old-1980-single-cask-master-of-malt-whisky/
276,https://www.masterofmalt.com/whiskies/glen-keith/glen-keith-distillery-edition-whisky/
277,https://www.masterofmalt.com/whiskies/allt-a-bhainne/allt-a-bhainne-21-year-old-that-boutiquey-whisky-company-whisky/
278,https://www.masterofmalt.com/whiskies/isle-of-jura/isle-of-jura-21-year-old-whisky/
279,https://www.masterofmalt.com/whiskies/strathmill-12-year-old-whisky/
280,https://www.masterofmalt.com/whiskies/tomatin/tomatin-legacy-whisky/
281,https://www.masterofmalt.com/whiskies/glenrothes/glenrothes-26-year-old-1990-cask-35481-the-single-malts-of-scotland-whisky/
282,https://www.masterofmalt.com/whiskies/scapa/scapa-skiren-whisky/
283,https://www.masterofmalt.com/whiskies/wolfburn/wolfburn-aurora-single-malt-whisky/
284,https://www.masterofmalt.com/whiskies/glenfiddich/glenfiddich-19-year-old-age-of-discovery-red-wine-cask-finish-whisky/
285,https://www.masterofmalt.com/whiskies/isle-of-jura/isle-of-jura-seven-wood-whisky/
286,https://www.masterofmalt.com/whiskies/bruichladdich/bruichladdich-28-year-old-1990-cask-169-cask-strength-collection-signatory-whisky/
287,https://www.masterofmalt.com/whiskies/tomintoul/tomintoul-23-year-old-1995-cask-161-cask-strength-collection-signatory-whisky/
288,https://www.masterofmalt.com/whiskies/glengoyne/glengoyne-17-year-old-that-boutiquey-whisky-company-whisky/
289,https://www.masterofmalt.com/whiskies/glencadam/glencadam-13-year-old-the-reawakening-whisky/
290,https://www.masterofmalt.com/whiskies/glendronach/the-glendronach-12-year-old-gift-pack-with-walker-slater-hip-flask-whisky/
291,https://www.masterofmalt.com/whiskies/bruichladdich/bruichladdich-1985-32-hidden-glory-whisky/
292,https://www.masterofmalt.com/whiskies/dalwhinnie/dalwhinnie-winters-gold-whisky/
293,https://www.masterofmalt.com/whiskies/smokehead/smokehead-high-voltage-whisky/
294,https://www.masterofmalt.com/whiskies/highland-park/highland-park-dark-origins-whisky/
295,https://www.masterofmalt.com/whiskies/port-askaig/port-askaig-8-year-old-whisky/
296,https://www.masterofmalt.com/whiskies/balblair/balblair-12-year-old-whisky/
297,https://www.masterofmalt.com/whiskies/bowmore/bowmore-26-year-old-cask-27935-the-lowest-tide-woolf-sung-whisky/
298,https://www.masterofmalt.com/whiskies/balvenie/balvenie-14-year-old-peated-triple-cask-whisky/
299,https://www.masterofmalt.com/whiskies/glenfarclas/glenfarclas-8-year-old-whisky/
300,https://www.masterofmalt.com/whiskies/benrinnes/benrinnes-11-year-old-2007-casks-306483-and-306484-signatory-whisky/
301,https://www.masterofmalt.com/whiskies/highland-park/highland-park-17-year-old-the-dark-whisky/
302,https://www.masterofmalt.com/whiskies/that-boutiquey-whisky-company/secret-distillery-1-that-boutiquey-whisky-company-whisky/
303,https://www.masterofmalt.com/whiskies/that-boutiquey-whisky-company/islay-4-that-boutiquey-whisky-company-whisky/
304,https://www.masterofmalt.com/whiskies/longmorn/longmorn-distillers-choice-whisky/
305,https://www.masterofmalt.com/whiskies/auchroisk/auchroisk-18-year-old-2000-cask-12803-old-particular-douglas-laing-whisky/
306,https://www.masterofmalt.com/whiskies/laphroaig/laphroaig-brodir-whisky/
307,https://www.masterofmalt.com/whiskies/speyside/spey-chairmans-choice-whisky/
308,https://www.masterofmalt.com/whiskies/cardhu-12-year-old-whisky/
309,https://www.masterofmalt.com/whiskies/auchentoshan/auchentoshan-the-bartenders-edition-whisky/
310,https://www.masterofmalt.com/whiskies/glen-scotia/glen-scotia-victoriana-cask-strength-whisky/
311,https://www.masterofmalt.com/whiskies/wolfburn/wolfburn-langskip/
312,https://www.masterofmalt.com/whiskies/pulteney/old-pulteney-1983-vintage-whisky/
313,https://www.masterofmalt.com/whiskies/caol-ila/caol-ila-unpeated-15-year-old-special-release-2018-whisky/
314,https://www.masterofmalt.com/whiskies/springbank/springbank-21-year-old-1996-single-cask-master-of-malt-whisky/
315,https://www.masterofmalt.com/whiskies/aberlour/aberlour-16-year-old-double-cask-matured-whisky/
316,https://www.masterofmalt.com/whiskies/highland-park/highland-park-17-year-old-the-light-whisky/
317,https://www.masterofmalt.com/whiskies/scapa/scapa-glansa-whisky/
318,https://www.masterofmalt.com/whiskies/linkwood-12-year-old-whisky/
319,https://www.masterofmalt.com/whiskies/laphroaig/laphroaig-28-year-old-whisky/
320,https://www.masterofmalt.com/whiskies/ad-rattray/cask-orkney-18-year-old-a-d-rattray-whisky/
321,https://www.masterofmalt.com/whiskies/glenrothes/glenrothes-10-year-old-soleo-collection-whisky/
322,https://www.masterofmalt.com/whiskies/glenrothes/glenrothes-12-year-old-soleo-collection-whisky/
323,https://www.masterofmalt.com/whiskies/highland-park/highland-park-16-year-old-wings-of-the-eagle-whisky/
324,https://www.masterofmalt.com/whiskies/balvenie/balvenie-25-year-old-single-barrel-traditional-oak-whisky/
325,https://www.masterofmalt.com/whiskies/glenfarclas-21-year-old-whisky/
326,https://www.masterofmalt.com/whiskies/benriach/benriach-cask-strength-whisky/
327,https://www.masterofmalt.com/whiskies/glen-moray/glen-moray-classic-sherry-cask-finish-whisky/
328,https://www.masterofmalt.com/whiskies/glenfiddich/glenfiddich-40-year-old-rare-collection-release-number-15-whisky/
329,https://www.masterofmalt.com/whiskies/ben-nevis/ben-nevis-27-year-old-1991-cask-2381-cask-strength-collection-signatory-whisky/
330,https://www.masterofmalt.com/whiskies/glenglassaugh/glenglassaugh-torfa-whisky/
331,https://www.masterofmalt.com/whiskies/allt-a-bhainne/allt-a-bhainne-whisky/
332,https://www.masterofmalt.com/whiskies/loch-lomond/loch-lomond-18-year-old-whisky/
333,https://www.masterofmalt.com/whiskies/isle-of-jura/isle-of-jura-the-loch-whisky/
334,https://www.masterofmalt.com/whiskies/aberfeldy/aberfeldy-16-year-old-whisky/
335,https://www.masterofmalt.com/whiskies/tullibardine/tullibardine-225-sauternes-cask-finish-whisky/
336,https://www.masterofmalt.com/whiskies/wolfburn/wolfburn-northland-single-malt-whisky/
337,https://www.masterofmalt.com/whiskies/talisker/talisker-storm-whisky/
338,https://www.masterofmalt.com/whiskies/loch-lomond/inchmoan-12-year-old-whisky/
339,https://www.masterofmalt.com/whiskies/auchroisk/auchroisk-7-year-old-2009-hepburns-choice-langside-whisky/
340,https://www.masterofmalt.com/whiskies/caol-ila/caol-ila-9-year-old-2009-casks-314152-314165-and-315013-james-eadie-whisky/
341,https://www.masterofmalt.com/whiskies/balvenie/balvenie-doublewood-12-year-old-20cl-whisky/
342,https://www.masterofmalt.com/whiskies/arran/arran-21-year-old-1996-cask-12357-old-particular-douglas-laing-whisky/
343,https://www.masterofmalt.com/whiskies/glenrothes/the-glenrothes-1995-bottled-2016-american-oak-whisky/
344,https://www.masterofmalt.com/whiskies/aberlour-10-year-old-whisky/
345,https://www.masterofmalt.com/whiskies/bruichladdich/octomore-that-boutiquey-whisky-company-whisky/
346,https://www.masterofmalt.com/whiskies/pulteney/old-pulteney-duncansby-head-1l-whisky/
347,https://www.masterofmalt.com/whiskies/highland-park/highland-park-12-year-old-gift-pack-with-two-glasses-whisky/
348,https://www.masterofmalt.com/whiskies/bruichladdich/bruichladdich-islay-barley-2011-whisky/
349,https://www.masterofmalt.com/whiskies/balvenie/balvenie-12-year-old-triple-cask-whisky/
350,https://www.masterofmalt.com/whiskies/glen-moray/glen-moray-28-year-old-that-boutique-y-whisky-company-tbwc/
351,https://www.masterofmalt.com/whiskies/fettercairn/fettercairn-8-year-old-2009-cask-1091-cask-collection-ad-rattray-whisky/
352,https://www.masterofmalt.com/whiskies/glenmorangie/glenmorangie-astar-2017-release-whisky/
353,https://www.masterofmalt.com/whiskies/edradour/edradour-ballechin-10-year-old-whisky/
354,https://www.masterofmalt.com/whiskies/ad-rattray/royal-brackla-8-year-old-2010-cask-11-cask-collection-a-d-rattray-whisky/
355,https://www.masterofmalt.com/whiskies/benrinnes/caramel-panna-cotta-2001-bottled-2018-wemyss-malts-benrinnes-whisky/
356,https://www.masterofmalt.com/whiskies/balmenach/balmenach-that-boutiquey-whisky-company-whisky/
357,https://www.masterofmalt.com/whiskies/bladnoch/bladnoch-adela-15-year-old-whisky/
358,https://www.masterofmalt.com/whiskies/macduff/macduff-18-year-old-1997-cask-5852-ancient-mariner-whisky/
359,https://www.masterofmalt.com/whiskies/tobermory/tobermory-21-year-old-oloroso-cask-finish-whisky/
360,https://www.masterofmalt.com/whiskies/glenfarclas-17-year-old-whisky/
361,https://www.masterofmalt.com/whiskies/glenrothes/glenrothes-12-year-old-founders-collection-the-whisky-baron-whisky/
362,https://www.masterofmalt.com/whiskies/ardmore/the-ardmore-legacy-whisky/
363,https://www.masterofmalt.com/whiskies/teaninich-10-year-old-whisky/
364,https://www.masterofmalt.com/whiskies/springbank/springbank-25-year-old-batch-14-that-boutiquey-whisky-company-whisky/
365,https://www.masterofmalt.com/whiskies/highland-park/highland-park-spirit-of-the-bear-whisky/
366,https://www.masterofmalt.com/whiskies/isle-of-jura/isle-of-jura-10-year-old-whisky/
367,https://www.masterofmalt.com/whiskies/tullibardine/tullibardine-2013-bottled-2018-cask-653450-scotland-grindlay-whisky/
368,https://www.masterofmalt.com/whiskies/glen-moray/glen-moray-classic-peated-gift-pack-with-2x-glasses-whiskey/
369,https://www.masterofmalt.com/whiskies/craigellachie/craigellachie-11-year-old-2006-single-cask-master-of-malt-62-1-whisky/
370,https://www.masterofmalt.com/whiskies/the-macallan/the-macallan-quest-1l-whisky/
371,https://www.masterofmalt.com/whiskies/the-glenlivet/glenlivet-founders-reserve-whisky/
372,https://www.masterofmalt.com/whiskies/glenrothes/glenrothes-28-year-old-1989-single-cask-master-of-malt-whisky/
373,https://www.masterofmalt.com/whiskies/bowmore/bowmore-26-year-old-the-vintners-trilogy-whisky/
374,https://www.masterofmalt.com/whiskies/loch-lomond/loch-lomond-1999-paul-lawrie-autograph-edition-whisky/
375,https://www.masterofmalt.com/whiskies/glen-moray/glen-moray-12-year-old-that-boutique-y-whisky-company-whisky/
376,https://www.masterofmalt.com/whiskies/glen-elgin-12-year-old-whisky/
377,https://www.masterofmalt.com/whiskies/ian-macleod/macleods-highland-single-malt-ian-macleod-whisky/
378,https://www.masterofmalt.com/whiskies/strathisla/strathisla-10-year-old-2008-casks-800117-and-800118-un-chillfiltered-collection-signatory-whisky/
379,https://www.masterofmalt.com/whiskies/bladnoch/bladnoch-samsara-whisky/
380,https://www.masterofmalt.com/whiskies/the-macallan/darkness-macallan-26-year-old-moscatel-cask-finish-whisky/
381,https://www.masterofmalt.com/whiskies/that-boutiquey-whisky-company/irish-single-malt-1-that-boutiquey-whisky-company-whiskey/
382,https://www.masterofmalt.com/whiskies/the-macallan/macallan-25-year-old-1993-cask-13082-xtra-old-particular-douglas-laing-whisky/
383,https://www.masterofmalt.com/whiskies/kininvie/kininvie-23-year-old-1991-batch-3-whisky/
384,https://www.masterofmalt.com/whiskies/speyside/spey-royal-choice-whisky/
385,https://www.masterofmalt.com/whiskies/glen-ord/glen-ord-that-boutiquey-whisky-company-whisky/
386,https://www.masterofmalt.com/whiskies/glenkinchie/glenkinchie-2005-bottled-2017-amontillado-cask-finish-distillers-edition-whisky/
387,https://www.masterofmalt.com/whiskies/aultmore/aultmore-11-year-old-that-boutiquey-whisky-company/
388,https://www.masterofmalt.com/whiskies/bowmore/bowmore-that-boutiquey-whisky-company-whisky/
389,https://www.masterofmalt.com/whiskies/wolfburn/wolfburn-morven-single-malt-whisky/
390,https://www.masterofmalt.com/whiskies/auchroisk-10-year-old-whisky/
391,https://www.masterofmalt.com/whiskies/edradour/edradour-10-year-old-2008-cask-20089-bourbon-cask-matured-natural-cask-strength-ibisco-decanter-whisky/
392,https://www.masterofmalt.com/whiskies/the-glenlivet-archive-21-year-old-whisky/
393,https://www.masterofmalt.com/whiskies/glenlivet/the-glenlivet-captains-reserve-whisky/
394,https://www.masterofmalt.com/whiskies/glenfiddich/glenfiddich-22-year-old-1992-cask-8387-rare-collection-whisky/
395,https://www.masterofmalt.com/whiskies/isle-of-jura/isle-of-jura-the-sound-whisky/
396,https://www.masterofmalt.com/whiskies/glenburgie/glenburgie-7-year-old-2011-strictly-limited-carn-mor-whisky/
397,https://www.masterofmalt.com/whiskies/kilchoman/kilchoman-6-year-old-2012-single-cask-release-cask-4052012-drinks-by-the-dram-whisky/
398,https://www.masterofmalt.com/whiskies/craigellachie/craigellachie-23-year-old-whisky/
399,https://www.masterofmalt.com/whiskies/speyburn/speyburn-12-year-old-2006-cask-12967-provenance-douglas-laing-whisky/
400,https://www.masterofmalt.com/whiskies/longmorn/longmorn-16-year-old-2002-casks-800648-and-80649-cask-strength-collection-signatory-whisky/
401,https://www.masterofmalt.com/whiskies/bruichladdich/octomore-093-5-year-old-whisky/
402,https://www.masterofmalt.com/whiskies/benriach/benriach-25-year-old-whisky/
403,https://www.masterofmalt.com/whiskies/isle-of-jura/isle-of-jura-prophecy-with-tin-whisky/
404,https://www.masterofmalt.com/whiskies/tamnavulin/tamnavulin-double-cask-whiskey/
405,https://www.masterofmalt.com/whiskies/aultmore/aultmore-10-year-old-2008-casks-307302-and-307303-signatory-vintage-whisky/
406,https://www.masterofmalt.com/whiskies/product-73783/
407,https://www.masterofmalt.com/whiskies/edradour/edradour-17-year-old-1999-bordeaux-cask-finish-55-2-whisky/
408,https://www.masterofmalt.com/whiskies/dalmore/dalmore-quintessence-whisky/
409,https://www.masterofmalt.com/whiskies/vintage-malt-whisky-co/finlaggan-sherry-finish-whisky/
410,https://www.masterofmalt.com/whiskies/glenrothes/glenrothes-1969-bottled-2019-cask-16207-the-last-drop-whisky/
411,https://www.masterofmalt.com/whiskies/speyburn/speyburn-15-year-old-whisky/
412,https://www.masterofmalt.com/whiskies/bruichladdich/bruichladdich-8-year-old-the-laddie-eight-whisky/
413,https://www.masterofmalt.com/whiskies/glen-grant/glen-grant-30-year-old-1988-cask-9173-cask-collection-a-d-rattray-whisky/
414,https://www.masterofmalt.com/whiskies/the-macallan/the-macallan-rare-cask-black-whisky/
415,https://www.masterofmalt.com/whiskies/glen-garioch-founders-reserve-1797-whisky/
416,https://www.masterofmalt.com/whiskies/alltabhainne/alltabhainne-25-year-old-1993-cask-12267-old-particular-douglas-laing-whisky/
417,https://www.masterofmalt.com/whiskies/tobermory/tobermory-15-year-old-spanish-oak-cask-finish-whisky/
418,https://www.masterofmalt.com/whiskies/brackla/royal-brackla-that-boutiquey-whisky-company-whisky/
419,https://www.masterofmalt.com/whiskies/deanston/deanston-18-year-old-batch-3-that-boutiquey-whisky-company-whisky/
420,https://www.masterofmalt.com/whiskies/glen-moray/glen-moray-20-year-old-1998-cask-750408-hex-whisky/
421,https://www.masterofmalt.com/whiskies/tormore/tormore-26-year-old-1988-cask-4176-mackillops-choice-whisky/
422,https://www.masterofmalt.com/whiskies/aultmore/aultmore-6-year-old-2011-cask-12072-provenance-douglas-laing-whisky/
423,https://www.masterofmalt.com/whiskies/bruichladdich/port-charlotte-2007-whisky/
424,https://www.masterofmalt.com/whiskies/highland-park/highland-park-harald-warriors-series-whisky/
425,https://www.masterofmalt.com/whiskies/speyside/spey-fumare-whisky/
426,https://www.masterofmalt.com/whiskies/fox-fitzgerald/peats-beast-cask-strength-whisky/
427,https://www.masterofmalt.com/whiskies/benrinnes/benrinnes-20-year-old-1996-cask-11711-kingsbury-whisky/
428,https://www.masterofmalt.com/whiskies/dufftown/singleton-of-dufftown-malt-masters-selection-whisky/
429,https://www.masterofmalt.com/whiskies/bruichladdichl/lochindaal-that-boutiquey-whisky-company-whisky/
430,https://www.masterofmalt.com/whiskies/tomintoul/tomintoul-10-year-old-35cl-whisky/
431,https://www.masterofmalt.com/whiskies/knockdhu/ancnoc-18-year-old-whisky/
432,https://www.masterofmalt.com/whiskies/glen-garioch/glen-garioch-7-year-old-2011-strictly-limited-carn-mor/
433,https://www.masterofmalt.com/whiskies/glendronach/glendronach-peated-whisky/
434,https://www.masterofmalt.com/whiskies/laphroaig/laphroaig-that-boutiquey-whisky-company-whisky/
435,https://www.masterofmalt.com/whiskies/tomintoul/tomintoul-21-year-old-whisky/
436,https://www.masterofmalt.com/whiskies/fettercairn/fettercairn-21-year-old-1997-casks-5611-and-5612-cask-strength-collection-signatory-whisky/
437,https://www.masterofmalt.com/whiskies/tomatin/tomatin-30-year-old-whisky/
438,https://www.masterofmalt.com/whiskies/tormore/tormore-21-year-old-that-boutiquey-whisky-company-whisky/
439,https://www.masterofmalt.com/whiskies/glen-moray/glen-moray-classic-with-2-glasses-whisky/
440,https://www.masterofmalt.com/whiskies/that-boutiquey-whisky-company/irish-single-malt-1-13-year-old-batch-2-that-boutiquey-whisky-company-whiskey/
441,https://www.masterofmalt.com/whiskies/inchgower/inchgower-26-year-old-batch-1-that-boutiquey-whisky-company-whisky/
442,https://www.masterofmalt.com/whiskies/loch-lomond/croftengea-11-year-old-2007-single-cask-master-of-malt-whisky/
443,https://www.masterofmalt.com/whiskies/loch-lomond/inchmurrin-12-year-old-island-collection-whisky/
444,https://www.masterofmalt.com/whiskies/talisker/talisker-skye-whisky/
445,https://www.masterofmalt.com/whiskies/glenallachie/glenallachie-25-year-old-1992-cask-12397-old-particular-douglas-laing-whisky/
446,https://www.masterofmalt.com/whiskies/tomintoul/tomintoul-38-year-old-1977-cask-3700-vintage-single-cask-whisky/
447,https://www.masterofmalt.com/whiskies/deanston/deanston-virgin-oak-whisky/
448,https://www.masterofmalt.com/whiskies/the-whisky-lounge/salty-sea-dog-the-whisky-lounge-whisky/
449,https://www.masterofmalt.com/whiskies/glen-moray/glen-moray-25-year-old-1988-whisky/
450,https://www.masterofmalt.com/whiskies/longmorn/longmorn-28-year-old-1984-cask-3212-rare-select-montgomeries-whisky/
451,https://www.masterofmalt.com/whiskies/tomintoul-12-year-old-oloroso-sherry-cask-whisky/
452,https://www.masterofmalt.com/whiskies/pulteney/old-pulteney-huddart-whisky/
453,https://www.masterofmalt.com/whiskies/auchentoshan/auchentoshan-21-year-old-1997-cask-12805-old-particular-douglas-laing-whisky/
454,https://www.masterofmalt.com/whiskies/tullibardine/tullibardine-228-burgundy-cask-finish-whisky/
455,https://www.masterofmalt.com/whiskies/tamdhu/tamdhu-20-year-old-1998-cask-15369-first-editions-hunter-laing-whisky/
456,https://www.masterofmalt.com/whiskies/bruichladdich/bruichladdich-1984-32-all-in-whisky/
457,https://www.masterofmalt.com/whiskies/glencadam/glencadam-18-year-old-bourbon-cask-3077-whisky/
458,https://www.masterofmalt.com/whiskies/teaninich/teaninich-that-boutiquey-whisky-company-whisky/
459,https://www.masterofmalt.com/whiskies/knockdhu/ancnoc-peatheart-whisky/
460,https://www.masterofmalt.com/whiskies/auchroisk/auchroisk-7-year-old-2011-strictly-limited-carn-mor-whisky/
461,https://www.masterofmalt.com/whiskies/isle-of-jura/isle-of-jura-one-and-all-whisky/
462,https://www.masterofmalt.com/whiskies/benrinnes/benrinnes-11-year-old-2006-malt-of-the-earth-whisky/
463,https://www.masterofmalt.com/whiskies/linkwood/linkwood-18-year-old-that-boutiquey-whisky-company-whisky/
464,https://www.masterofmalt.com/whiskies/glenburgie/glenburgie-14-year-old-2004-connoisseurs-choice-gordon-and-macphail-whisky/
465,https://www.masterofmalt.com/whiskies/glencadam/glencadam-19-year-old-whisky/
466,https://www.masterofmalt.com/whiskies/auchentoshan/auchentoshan-6-year-old-2013-cask-13099-provenance-douglas-laing-whisky/
467,https://www.masterofmalt.com/whiskies/glenfiddich-12-year-old-35cl-whisky/
468,https://www.masterofmalt.com/whiskies/bruichladdich/bruichladdich-that-boutiquey-whisky-company-whisky/
469,https://www.masterofmalt.com/whiskies/the-macallan/macallan-19-year-old-1998-bottled-2017-mackillops-choice-whisky/
470,https://www.masterofmalt.com/whiskies/highland-park/highland-park-10-year-old-viking-scars-whisky/
471,https://www.masterofmalt.com/whiskies/the-glenlivet/the-glenlivet-nadurra-peated-whisky-cask-finish-batch-pw0717-whisky/
472,https://www.masterofmalt.com/whiskies/morrison-and-mackay/the-big-strand-whisky/
473,https://www.masterofmalt.com/whiskies/glen-elgin/glen-elgin-22-year-old-1995-single-cask-master-of-malt-whisky/
474,https://www.masterofmalt.com/whiskies/signatory/unnamed-speyside-12-year-old-2005-un-chillfiltered-collection-signatory-whisky/
475,https://www.masterofmalt.com/whiskies/miltonduff/miltonduff-34-year-old-1983-cask-7449-vintage-cask-collection-a-d-rattray-whisky/
476,https://www.masterofmalt.com/whiskies/glentauchers/glentauchers-22-year-old-1996-cask-7841-the-single-cask-whisky/
477,https://www.masterofmalt.com/whiskies/tomatin/tomatin-21-year-old-batch-1-that-boutiquey-whisky-company-whisky/
478,https://www.masterofmalt.com/whiskies/the-glenlivet/the-glenlivet-nadurra-first-fill-selection-whisky/
479,https://www.masterofmalt.com/whiskies/tullibardine/tullibardine-20-year-old-whisky/
480,https://www.masterofmalt.com/whiskies/hamiltons/hamiltons-lowland-single-malt-scotch-whisky/
481,https://www.masterofmalt.com/whiskies/bowmore/bowmore-black-31-year-old-1964-final-edition-whisky/
482,https://www.masterofmalt.com/whiskies/glenglassaugh/glenglassaugh-octaves-peated-whisky/
483,https://www.masterofmalt.com/whiskies/benrinnes/benrinnes-9-year-old-2007-casks-300510-and-300512-small-batch-james-eadie-whisky/
484,https://www.masterofmalt.com/whiskies/dufftown/singleton-of-dufftown-18-year-old-whisky/
485,https://www.masterofmalt.com/whiskies/mortlach/mortlach-22-year-old-that-boutiquey-whisky-company-whisky/
486,https://www.masterofmalt.com/whiskies/john-crabbie-and-co/crabbie-8-year-old-whisky/
487,https://www.masterofmalt.com/whiskies/tobermory/tobermory-23-year-old-1995-cask-1201-the-single-cask-whisky/
488,https://www.masterofmalt.com/whiskies/john-crabbie-and-co/crabbies-yardhead-whisky/
489,https://www.masterofmalt.com/whiskies/glenglassaugh/glenglassaugh-evolution-50/
490,https://www.masterofmalt.com/whiskies/glen-garioch/glen-garioch-virgin-oak-whisky/
491,https://www.masterofmalt.com/whiskies/benromach/benromach-chateau-cissac-wood-finish-whisky/
492,https://www.masterofmalt.com/whiskies/tomintoul/tomintoul-16-year-old-35cl-whisky/
493,https://www.masterofmalt.com/whiskies/knockando/knockando-12-year-old-whisky/
494,https://www.masterofmalt.com/whiskies/royal-brackla/royal-brackla-12-year-old-whisky/
495,https://www.masterofmalt.com/whiskies/glenrothes/glenrothes-1968-bottled-2018-cask-13504-the-last-drop-whisky/
496,https://www.masterofmalt.com/whiskies/mortlach/mortlach-11-year-old-2007-old-malt-cask-hunter-laing-whisky/
497,https://www.masterofmalt.com/whiskies/dailuaine/dailuaine-21-year-old-1997-casks-7258-and-7262-signatory-whisky/
498,https://www.masterofmalt.com/whiskies/glengoyne/glengoyne-cuartillo-whisky/
499,https://www.masterofmalt.com/whiskies/tomintoul/old-ballantruan-15-year-old-whisky/
